塞浦路斯银行进一步调低取款限额,data/img/10916.jpg,10916
财政部长称将不断提高国企利润上缴比例,data/img/10927.jpg,10927
前两月进口激增 秦皇岛港煤炭库存量再创新高,data/img/10930.jpg,10930
流动性过剩 热钱再袭中国,data/img/10937.jpg,10937
上海二手房交易依旧火爆 市场疾呼细则落地,data/img/10943.jpg,10943
广州细则或下周落地 部分抢签过户无望,data/img/10944.jpg,10944
加油站缺斤短两？实验室实测加油量,data/img/10945.jpg,10945
最后时刻达成一致 欧盟放行塞浦路斯新方案,data/img/10970.jpg,10970
新闻分析：南欧小国缘何搅起危机大风浪？,data/img/10971.jpg,10971
惠誉将英国信用评级列入负面观察名单,data/img/10974.jpg,10974
外国人收购格鲁吉亚耕地惹争议,data/img/10975.jpg,10975
英阿争马岛 鱿鱼受牵连,data/img/10978.jpg,10978
第五届金砖峰会明日召开,data/img/10997.jpg,10997
金砖峰会带动“非洲”投资热,data/img/10998.jpg,10998
中国投资遍布非洲主要国家,data/img/10999.jpg,10999
卖大米的上市公司五年连续造假,data/img/11000.jpg,11000
保荐人 会计师 律师 中介机构全链条被谴责,data/img/11001.jpg,11001
万福生科：九成利润虚构 大客户几近子虚乌有,data/img/11002.jpg,11002
万福生科：主营“陬福牌”大米却怎么也找不到,data/img/11003.jpg,11003
万福生科：主营糖浆产品销售数据令人可疑,data/img/11004.jpg,11004
