“湘潭27岁副县长”事件正在调查,data/img/11027.jpg,11027
金属异物深藏男童肺中近一年,data/img/11028.jpg,11028
阿盟希望叙反对派出席首脑会议,data/img/11029.jpg,11029
万福生科上市造假追踪 虚报财务数据 深交所公开谴责,data/img/11030.jpg,11030
万福生科上市造假追踪 两次公开谴责 中止上市命悬一线,data/img/11032.jpg,11032
万福生科上市造假追踪 “创业板造假第一股”五年持续造假,data/img/11033.jpg,11033
春暖花开游园去 文明就差一点点,data/img/11034.jpg,11034
公交车上垃圾“藏猫猫”,data/img/11035.jpg,11035
青年共话中国梦：梦从脚下出发,data/img/11036.jpg,11036
普及安全知识 确保生命安全,data/img/11037.jpg,11037
开展安全教育 演练火灾中逃生,data/img/11038.jpg,11038
溺水防护提前做 安全知识课上讲,data/img/11039.jpg,11039
