习近平会见俄罗斯国家杜马主席,data/img/10889.jpg,10889
习近平会见俄罗斯联邦委员会主席,data/img/10890.jpg,10890
习近平出席中共六大纪念馆建馆启动仪式,data/img/10891.jpg,10891
习近平会见俄罗斯汉学家 学习汉语的学生和媒体代表,data/img/10892.jpg,10892
叙以双方在边境地区交火,data/img/10893.jpg,10893
阿盟峰会预备会聚焦叙利亚问题,data/img/10894.jpg,10894
叙国内各界呼吁和平对话解决危机,data/img/10895.jpg,10895
叙利亚自由军不承认“临时总理”,data/img/10896.jpg,10896
反政府武装控制首都,data/img/10897.jpg,10897
法国向中非增派350名士兵,data/img/10898.jpg,10898
巴以将开展探索性对话,data/img/10899.jpg,10899
校园火灾 预防和自救同等重要,data/img/10900.jpg,10900
金属异物深藏男童肺中近一年,data/img/10901.jpg,10901
女童跌落阳台 众人“扯布”接住,data/img/10902.jpg,10902
车陷沙滩 警民合力施救,data/img/10903.jpg,10903
中国两批维和部队在黎完成轮换,data/img/10904.jpg,10904
空军地空导弹部队红蓝对抗演练,data/img/10905.jpg,10905
因雪受困 历时6小时母婴获救,data/img/10906.jpg,10906
倒卖枪支未遂 俩外籍嫌疑人被擒,data/img/10907.jpg,10907
“鸟巢”空中观光走廊对外开放,data/img/10908.jpg,10908
